<?xml version="1.0"?>
<InterpreterConfig xmlns="http://www.mythicsoft.com/FileLocator">
	<displayname>HFS</displayname>
	<uniquename>http://www.mythicsoft.com/7zhfsinterpreter</uniquename>
	<progid>SvnExtLib.SZHFSInterpreter</progid>
	<filetypes>hfs</filetypes>
	<interpretertype>compositefile</interpretertype>
	<active>no</active>
	<safemode>no</safemode>
	<useisfilter>no</useisfilter>
	<nonreglibrary>svnextlib.dll</nonreglibrary>
	<searchbinary>yes</searchbinary>
</InterpreterConfig>