<?xml version="1.0"?>
<InterpreterConfig xmlns="http://www.mythicsoft.com/FileLocator">
	<displayname>ZIP</displayname>
	<uniquename>http://www.mythicsoft.com/zipinterpreter</uniquename>
	<progid>Extensions.ZIPInterpreter</progid>
	<filetypes>zip,jar</filetypes> 
	<interpretertype>compositefile</interpretertype>
	<active>no</active>
	<safemode>no</safemode>
	<useisfilter>no</useisfilter>
	<nonreglibrary>extensions.dll</nonreglibrary>
	<searchbinary>no</searchbinary>
</InterpreterConfig>