﻿<?xml version="1.0" encoding="UTF-8" ?>
<CrashRpt version="1402">
    <CrashGUID>e35c219d-9358-49de-a26f-b9f8593264a2</CrashGUID>
    <AppName>FileLocator Pro</AppName>
    <AppVersion>7.2.2038.1</AppVersion>
    <ImageName>D:\GreenSoft\FileLocatorProPortable\FileLocatorPro.exe</ImageName>
    <OperatingSystem>Windows 10 Enterprise 2015 LTSB Build 10240</OperatingSystem>
    <OSIs64Bit>1</OSIs64Bit>
    <GeoLocation>zh-cn</GeoLocation>
    <SystemTimeUTC>2016-04-26T17:07:50Z</SystemTimeUTC>
    <ExceptionAddress>0x6ac281ec</ExceptionAddress>
    <ExceptionModule>D:\GreenSoft\FileLocatorProPortable\mfc120u.dll</ExceptionModule>
    <ExceptionModuleBase>0x6ab70000</ExceptionModuleBase>
    <ExceptionModuleVersion>12.0.21005.1</ExceptionModuleVersion>
    <ExceptionType>0</ExceptionType>
    <ExceptionCode>0</ExceptionCode>
    <GUIResourceCount>226</GUIResourceCount>
    <OpenHandleCount>458</OpenHandleCount>
    <MemoryUsageKbytes>57204</MemoryUsageKbytes>
    <ScreenshotInfo>
        <VirtualScreen left="0" top="0" width="1920" height="1080" />
        <Monitors>
            <Monitor left="0" top="0" width="1920" height="1080" file="screenshot0.png" />
        </Monitors>
        <Windows />
    </ScreenshotInfo>
    <CustomProps>
        <Prop name="DotNet" value="CDF + v2.0.50727 + v3.0 + v3.5 + v4 + v4.0" />
        <Prop name="RegEmail" value="" />
        <Prop name="RegKeyStart" value="V" />
        <Prop name="Trial" value="42487N" />
    </CustomProps>
    <FileList>
        <FileItem name="ProblemSearch.srf" description="Search Details" optional="1" />
        <FileItem name="crashdump.dmp" description="Crash Minidump" />
        <FileItem name="crashrpt.xml" description="Crash Description XML" />
        <FileItem name="err.log" description="Log File" optional="1" />
        <FileItem name="screenshot0.png" description="FileLocator Pro Screenshot" optional="1" />
    </FileList>
</CrashRpt>
